{"o~": 0.0, "E~": 0.0, "e~": 0.0, "a~": 0.0, "u": 0.9725532596195084, "o": 1.004974017859016, "i": 0.9302302019424684, "e": 0.958298742052796, "a": 1.089318278756539, "1": 0.9936621909926838, "@U": 0.0, "EI": 0.0, "aU": 0.0, "aI": 0.0}